period,oil_price,oil_prod,gs_impo,gs_exp,gs_imp_cvm,gs_exp_cvm,g_imp,g_exp,g_imp_cvm,g_exp_cvm,ind_prod,cpi_index,epu
1974-01-01,9.59,NA,NA,NA,NA,NA,NA,NA,NA,NA,NA,NA,NA
1974-02-01,12.45,NA,NA,NA,NA,NA,NA,NA,NA,NA,NA,NA,NA
1974-03-01,12.73,NA,NA,NA,NA,NA,NA,NA,NA,NA,NA,NA,NA
1974-04-01,12.72,NA,NA,NA,NA,NA,NA,NA,NA,NA,NA,NA,NA
1974-05-01,13.02,NA,NA,NA,NA,NA,NA,NA,NA,NA,NA,NA,NA
1974-06-01,13.06,NA,NA,NA,NA,NA,NA,NA,NA,NA,NA,NA,NA
1974-07-01,12.75,NA,NA,NA,NA,NA,NA,NA,NA,NA,NA,NA,NA
1974-08-01,12.68,NA,NA,NA,NA,NA,NA,NA,NA,NA,NA,NA,NA
1974-09-01,12.53,NA,NA,NA,NA,NA,NA,NA,NA,NA,NA,NA,NA
1974-10-01,12.44,NA,NA,NA,NA,NA,NA,NA,NA,NA,NA,NA,NA
1974-11-01,12.53,NA,NA,NA,NA,NA,NA,NA,NA,NA,NA,NA,NA
1974-12-01,12.82,NA,NA,NA,NA,NA,NA,NA,NA,NA,NA,NA,NA
1975-01-01,12.77,NA,NA,NA,NA,NA,NA,NA,NA,NA,43.2549349574429,NA,NA
1975-02-01,13.05,NA,NA,NA,NA,NA,NA,NA,NA,NA,42.8097702267755,NA,NA
1975-03-01,13.28,NA,NA,NA,NA,NA,NA,NA,NA,NA,42.6729768935062,NA,NA
1975-04-01,13.26,NA,NA,NA,NA,NA,NA,NA,NA,NA,42.3769627798707,NA,NA
1975-05-01,13.27,NA,NA,NA,NA,NA,NA,NA,NA,NA,42.3047477295519,NA,NA
1975-06-01,14.15,NA,NA,NA,NA,NA,NA,NA,NA,NA,42.5068838627333,NA,NA
1975-07-01,14.03,NA,NA,NA,NA,NA,NA,NA,NA,NA,42.5551911779584,NA,NA
1975-08-01,14.25,NA,NA,NA,NA,NA,NA,NA,NA,NA,42.9843563277908,NA,NA
1975-09-01,14.04,NA,NA,NA,NA,NA,NA,NA,NA,NA,43.1473184953982,NA,NA
1975-10-01,14.66,NA,NA,NA,NA,NA,NA,NA,NA,NA,43.4975289244024,NA,NA
1975-11-01,15.04,NA,NA,NA,NA,NA,NA,NA,NA,NA,43.6733139379554,NA,NA
1975-12-01,14.81,NA,NA,NA,NA,NA,NA,NA,NA,NA,44.1395395871537,NA,NA
1976-01-01,13.27,NA,NA,NA,NA,NA,NA,NA,NA,NA,44.6644613679346,NA,NA
1976-02-01,13.26,NA,NA,NA,NA,NA,NA,NA,NA,NA,45.1192949925107,NA,NA
1976-03-01,13.51,NA,NA,NA,NA,NA,NA,NA,NA,NA,45.3811036069235,NA,NA
1976-04-01,13.39,NA,NA,NA,NA,NA,NA,NA,NA,NA,45.8270394314995,NA,NA
1976-05-01,13.41,NA,NA,NA,NA,NA,NA,NA,NA,NA,46.2295784218116,NA,NA
1976-06-01,13.48,NA,NA,NA,NA,NA,NA,NA,NA,NA,46.4238995740617,NA,NA
1976-07-01,13.51,NA,NA,NA,NA,NA,NA,NA,NA,NA,46.4357424877998,NA,NA
1976-08-01,13.58,NA,NA,NA,NA,NA,NA,NA,NA,NA,46.6222586253702,NA,NA
1976-09-01,13.47,NA,NA,NA,NA,NA,NA,NA,NA,NA,47.0228911942294,NA,NA
1976-10-01,13.49,NA,NA,NA,NA,NA,NA,NA,NA,NA,47.0639052399756,NA,NA
1976-11-01,13.58,NA,NA,NA,NA,NA,NA,NA,NA,NA,47.5937404505304,NA,NA
1976-12-01,13.71,NA,NA,NA,NA,NA,NA,NA,NA,NA,47.8157449770369,NA,NA
1977-01-01,14.11,NA,NA,NA,NA,NA,NA,NA,NA,NA,48.0497100178002,NA,NA
1977-02-01,14.5,NA,NA,NA,NA,NA,NA,NA,NA,NA,48.0867332064255,NA,NA
1977-03-01,14.54,NA,NA,NA,NA,NA,NA,NA,NA,NA,48.2862627690235,NA,NA
1977-04-01,14.36,NA,NA,NA,NA,NA,NA,NA,NA,NA,48.4364611506073,NA,NA
1977-05-01,14.62,NA,NA,NA,NA,NA,NA,NA,NA,NA,48.3059504777185,NA,NA
1977-06-01,14.63,NA,NA,NA,NA,NA,NA,NA,NA,NA,48.5782666383388,NA,NA
1977-07-01,14.44,NA,NA,NA,NA,NA,NA,NA,NA,NA,48.2576321344504,NA,NA
1977-08-01,14.68,NA,NA,NA,NA,NA,NA,NA,NA,NA,48.659154839448,NA,NA
1977-09-01,14.5,NA,NA,NA,NA,NA,NA,NA,NA,NA,48.7609398770153,NA,NA
1977-10-01,14.56,NA,NA,NA,NA,NA,NA,NA,NA,NA,48.7494545376578,NA,NA
1977-11-01,14.61,NA,NA,NA,NA,NA,NA,NA,NA,NA,48.7916129678369,NA,NA
1977-12-01,14.76,NA,NA,NA,NA,NA,NA,NA,NA,NA,49.0842363045558,NA,NA
1978-01-01,14.52,NA,NA,NA,NA,NA,NA,NA,NA,NA,48.985403370655,NA,NA
1978-02-01,14.41,NA,NA,NA,NA,NA,NA,NA,NA,NA,48.887241394075,NA,NA
1978-03-01,14.57,NA,NA,NA,NA,NA,NA,NA,NA,NA,49.2917309947618,NA,NA
1978-04-01,14.4,NA,NA,NA,NA,NA,NA,NA,NA,NA,50.1344969008951,NA,NA
1978-05-01,14.51,NA,NA,NA,NA,NA,NA,NA,NA,NA,50.094130020471,NA,NA
1978-06-01,14.54,NA,NA,NA,NA,NA,NA,NA,NA,NA,50.2896141470314,NA,NA
1978-07-01,14.49,NA,NA,NA,NA,NA,NA,NA,NA,NA,50.5724896028528,NA,NA
1978-08-01,14.46,NA,NA,NA,NA,NA,NA,NA,NA,NA,50.8324256634171,NA,NA
1978-09-01,14.53,NA,NA,NA,NA,NA,NA,NA,NA,NA,51.2598258242112,NA,NA
1978-10-01,14.63,NA,NA,NA,NA,NA,NA,NA,NA,NA,51.4410006485026,NA,NA
1978-11-01,14.74,NA,NA,NA,NA,NA,NA,NA,NA,NA,51.7341732458809,NA,NA
1978-12-01,14.94,NA,NA,NA,NA,NA,NA,NA,NA,NA,52.418184178279,NA,NA
1979-01-01,15.5,NA,NA,NA,NA,NA,NA,NA,NA,NA,51.7107723524491,NA,NA
1979-02-01,15.88,NA,NA,NA,NA,NA,NA,NA,NA,NA,51.8467339626732,NA,NA
1979-03-01,16.41,NA,NA,NA,NA,NA,NA,NA,NA,NA,52.2024909503207,NA,NA
1979-04-01,17.58,NA,NA,NA,NA,NA,NA,NA,NA,NA,52.2515881070986,NA,NA
1979-05-01,19,NA,NA,NA,NA,NA,NA,NA,NA,NA,52.6909390481475,NA,NA
1979-06-01,21.03,NA,NA,NA,NA,NA,NA,NA,NA,NA,52.8701894325836,NA,NA
1979-07-01,23.09,NA,NA,NA,NA,NA,NA,NA,NA,NA,52.9174976148766,NA,NA
1979-08-01,23.98,NA,NA,NA,NA,NA,NA,NA,NA,NA,53.1155235338974,NA,NA
1979-09-01,25.06,NA,NA,NA,NA,NA,NA,NA,NA,NA,53.0069715397327,NA,NA
1979-10-01,25.05,NA,NA,NA,NA,NA,NA,NA,NA,NA,53.1316816238003,NA,NA
1979-11-01,27.02,NA,NA,NA,NA,NA,NA,NA,NA,NA,53.4024081361589,NA,NA
1979-12-01,28.91,NA,NA,NA,NA,NA,NA,NA,NA,NA,53.5816498743361,NA,NA
1980-01-01,30.75,NA,NA,NA,NA,NA,NA,NA,NA,NA,53.7323253069551,NA,NA
1980-02-01,32.4,NA,NA,NA,NA,NA,NA,NA,NA,NA,53.8867919912221,NA,NA
1980-03-01,33.42,NA,NA,NA,NA,NA,NA,NA,NA,NA,53.8542144837882,NA,NA
1980-04-01,33.54,NA,NA,NA,NA,NA,NA,NA,NA,NA,53.2708235764025,NA,NA
1980-05-01,34.33,NA,NA,NA,NA,NA,NA,NA,NA,NA,52.3843368297349,NA,NA
1980-06-01,34.48,NA,NA,NA,NA,NA,NA,NA,NA,NA,52.1160141603819,NA,NA
1980-07-01,34.51,NA,NA,NA,NA,NA,NA,NA,NA,NA,51.7815653617736,NA,NA
1980-08-01,34.44,NA,NA,NA,NA,NA,NA,NA,NA,NA,51.7649383295528,NA,NA
1980-09-01,34.46,NA,NA,NA,NA,NA,NA,NA,NA,NA,51.6449384863144,NA,NA
1980-10-01,34.63,NA,NA,NA,NA,NA,NA,NA,NA,NA,52.0840946109338,NA,NA
1980-11-01,35.09,NA,NA,NA,NA,NA,NA,NA,NA,NA,52.6163756686024,NA,NA
1980-12-01,35.63,NA,NA,NA,NA,NA,NA,NA,NA,NA,52.7335020761324,NA,NA
1981-01-01,38.85,NA,NA,NA,NA,NA,NA,NA,NA,NA,52.4961954189851,NA,NA
1981-02-01,39,NA,NA,NA,NA,NA,NA,NA,NA,NA,52.717135561448,NA,NA
1981-03-01,38.31,NA,NA,NA,NA,NA,NA,NA,NA,NA,52.7108095000447,NA,NA
1981-04-01,38.41,NA,NA,NA,NA,NA,NA,NA,NA,NA,52.6423385081141,NA,NA
1981-05-01,37.84,NA,NA,NA,NA,NA,NA,NA,NA,NA,52.7511418845528,NA,NA
1981-06-01,37.03,NA,NA,NA,NA,NA,NA,NA,NA,NA,52.9816621025086,NA,NA
1981-07-01,36.58,NA,NA,NA,NA,NA,NA,NA,NA,NA,53.2936273640943,NA,NA
1981-08-01,35.82,NA,NA,NA,NA,NA,NA,NA,NA,NA,53.0239407269341,NA,NA
1981-09-01,35.44,NA,NA,NA,NA,NA,NA,NA,NA,NA,53.3447098001371,NA,NA
1981-10-01,35.43,NA,NA,NA,NA,NA,NA,NA,NA,NA,53.2277170481225,NA,NA
1981-11-01,36.21,NA,NA,NA,NA,NA,NA,NA,NA,NA,52.9609468916399,NA,NA
1981-12-01,35.95,NA,NA,NA,NA,NA,NA,NA,NA,NA,52.6008032212586,NA,NA
1982-01-01,35.54,NA,NA,NA,NA,NA,NA,NA,NA,NA,52.3358127857439,NA,NA
1982-02-01,35.48,NA,NA,NA,NA,NA,NA,NA,NA,NA,52.4645992238037,NA,NA
1982-03-01,34.07,NA,NA,NA,NA,NA,NA,NA,NA,NA,52.4782686838626,NA,NA
1982-04-01,32.82,NA,NA,NA,NA,NA,NA,NA,NA,NA,52.2492882360353,NA,NA
1982-05-01,32.78,NA,NA,NA,NA,NA,NA,NA,NA,NA,51.9196499623381,NA,NA
1982-06-01,33.79,NA,NA,NA,NA,NA,NA,NA,NA,NA,51.6630123053781,NA,NA
1982-07-01,33.44,NA,NA,NA,NA,NA,NA,NA,NA,NA,51.4134531539208,NA,NA
1982-08-01,32.95,NA,NA,NA,NA,NA,NA,NA,NA,NA,51.147205328067,NA,NA
1982-09-01,33.03,NA,NA,NA,NA,NA,NA,NA,NA,NA,51.2873119095073,NA,NA
1982-10-01,33.28,NA,NA,NA,NA,NA,NA,NA,NA,NA,50.615083033644,NA,NA
1982-11-01,33.09,NA,NA,NA,NA,NA,NA,NA,NA,NA,50.6808379218707,NA,NA
1982-12-01,32.85,NA,NA,NA,NA,NA,NA,NA,NA,NA,50.504049759678,NA,NA
1983-01-01,31.4,NA,NA,NA,NA,NA,NA,NA,NA,NA,51.1219003620274,NA,NA
1983-02-01,30.76,NA,NA,NA,NA,NA,NA,NA,NA,NA,50.9610227522551,NA,NA
1983-03-01,28.43,NA,NA,NA,NA,NA,NA,NA,NA,NA,51.3175933416009,NA,NA
1983-04-01,27.95,NA,NA,NA,NA,NA,NA,NA,NA,NA,51.6466788754946,NA,NA
1983-05-01,28.53,NA,NA,NA,NA,NA,NA,NA,NA,NA,51.7185671422142,NA,NA
1983-06-01,29.23,NA,NA,NA,NA,NA,NA,NA,NA,NA,52.1975050208208,NA,NA
1983-07-01,28.76,NA,NA,NA,NA,NA,NA,NA,NA,NA,52.2746073171165,NA,NA
1983-08-01,29.5,NA,NA,NA,NA,NA,NA,NA,NA,NA,52.8285929731782,NA,NA
1983-09-01,29.54,NA,NA,NA,NA,NA,NA,NA,NA,NA,53.4043797941722,NA,NA
1983-10-01,29.67,NA,NA,NA,NA,NA,NA,NA,NA,NA,53.5274148957108,NA,NA
1983-11-01,29.09,NA,NA,NA,NA,NA,NA,NA,NA,NA,53.980817384418,NA,NA
1983-12-01,29.3,NA,NA,NA,NA,NA,NA,NA,NA,NA,54.4942910467174,NA,NA
1984-01-01,28.8,NA,NA,NA,NA,NA,NA,NA,NA,NA,55.008315869401,NA,NA
1984-02-01,28.91,NA,NA,NA,NA,NA,NA,NA,NA,NA,55.1417571521058,NA,NA
1984-03-01,28.95,NA,NA,NA,NA,NA,NA,NA,NA,NA,55.1502594802693,NA,NA
1984-04-01,29.11,NA,NA,NA,NA,NA,NA,NA,NA,NA,55.1609184519733,NA,NA
1984-05-01,29.26,NA,NA,NA,NA,NA,NA,NA,NA,NA,55.706099663613,NA,NA
1984-06-01,29.19,NA,NA,NA,NA,NA,NA,NA,NA,NA,55.2738455190285,NA,NA
1984-07-01,29,NA,NA,NA,NA,NA,NA,NA,NA,NA,55.9553250660391,NA,NA
1984-08-01,28.92,NA,NA,NA,NA,NA,NA,NA,NA,NA,56.4526333407661,NA,NA
1984-09-01,28.7,NA,NA,NA,NA,NA,NA,NA,NA,NA,56.3231887039581,NA,NA
1984-10-01,28.79,NA,NA,NA,NA,NA,NA,NA,NA,NA,56.4616912885186,NA,NA
1984-11-01,28.74,NA,NA,NA,NA,NA,NA,NA,NA,NA,56.5373552695821,NA,NA
1984-12-01,28.02,NA,NA,NA,NA,NA,NA,NA,NA,NA,56.7867667516599,NA,NA
1985-01-01,27.49,NA,NA,NA,NA,NA,NA,NA,NA,NA,57.0395916093034,NA,NA
1985-02-01,26.99,NA,NA,NA,NA,NA,NA,NA,NA,NA,57.3012420828352,NA,NA
1985-03-01,27.2,NA,NA,NA,NA,NA,NA,NA,NA,NA,57.4216307364631,NA,NA
1985-04-01,27.59,NA,NA,NA,NA,NA,NA,NA,NA,NA,57.3428972740598,NA,NA
1985-05-01,27.6,NA,NA,NA,NA,NA,NA,NA,NA,NA,57.7846894101117,NA,NA
1985-06-01,27.25,NA,NA,NA,NA,NA,NA,NA,NA,NA,57.5524684088054,NA,NA
1985-07-01,26.57,NA,NA,NA,NA,NA,NA,NA,NA,NA,57.6848145969145,NA,NA
1985-08-01,26.61,NA,NA,NA,NA,NA,NA,NA,NA,NA,57.6828470167738,NA,NA
1985-09-01,26.56,NA,NA,NA,NA,NA,NA,NA,NA,NA,57.6698108533171,NA,NA
1985-10-01,26.79,NA,NA,NA,NA,NA,NA,NA,NA,NA,57.8205190409576,NA,NA
1985-11-01,27.12,NA,NA,NA,NA,NA,NA,NA,NA,NA,58.279692620261,NA,NA
1985-12-01,26.21,NA,NA,NA,NA,NA,NA,NA,NA,NA,57.9709380811042,NA,NA
1986-01-01,24.93,NA,NA,NA,NA,NA,NA,NA,NA,NA,58.2291762466218,NA,NA
1986-02-01,18.11,NA,NA,NA,NA,NA,NA,NA,NA,NA,58.2135538370005,NA,NA
1986-03-01,14.22,NA,NA,NA,NA,NA,NA,NA,NA,NA,58.0315005148426,NA,NA
1986-04-01,13.15,NA,NA,NA,NA,NA,NA,NA,NA,NA,58.1773357324022,NA,NA
1986-05-01,13.17,NA,NA,NA,NA,NA,NA,NA,NA,NA,57.7660232477555,NA,NA
1986-06-01,12.25,NA,NA,NA,NA,NA,NA,NA,NA,NA,58.0707179289173,NA,NA
1986-07-01,10.91,NA,NA,NA,NA,NA,NA,NA,NA,NA,58.3028365756732,NA,NA
1986-08-01,11.87,NA,NA,NA,NA,NA,NA,NA,NA,NA,57.962516774488,NA,NA
1986-09-01,12.85,NA,NA,NA,NA,NA,NA,NA,NA,NA,58.2250175102636,NA,NA
1986-10-01,12.78,NA,NA,NA,NA,NA,NA,NA,NA,NA,58.3016492537373,NA,NA
1986-11-01,13.46,NA,NA,NA,NA,NA,NA,NA,NA,NA,58.262476899525,NA,NA
1986-12-01,14.17,NA,NA,NA,NA,NA,NA,NA,NA,NA,58.8095992886855,NA,NA
1987-01-01,16.45,NA,NA,NA,NA,NA,NA,NA,NA,NA,58.302264368359,NA,NA
1987-02-01,16.98,NA,NA,NA,NA,NA,NA,NA,NA,NA,59.081784712348004,NA,NA
1987-03-01,17.26,NA,NA,NA,NA,NA,NA,NA,NA,NA,59.288260059344,NA,NA
1987-04-01,17.89,NA,NA,NA,NA,NA,NA,NA,NA,NA,59.5803663621278,NA,NA
1987-05-01,18.25,NA,NA,NA,NA,NA,NA,NA,NA,NA,59.8856634663348,NA,NA
1987-06-01,18.71,NA,NA,NA,NA,NA,NA,NA,NA,NA,60.1821223695792,NA,NA
1987-07-01,19.26,NA,NA,NA,NA,NA,NA,NA,NA,NA,60.313740358354,NA,NA
1987-08-01,19.32,NA,NA,NA,NA,NA,NA,NA,NA,NA,60.6619942992357,NA,NA
1987-09-01,18.57,NA,NA,NA,NA,NA,NA,NA,NA,NA,60.9821558282958,NA,NA
1987-10-01,18.53,NA,NA,NA,NA,NA,NA,NA,NA,NA,61.7000413441508,NA,NA
1987-11-01,18.14,NA,NA,NA,NA,NA,NA,NA,NA,NA,61.9986295124475,NA,NA
1987-12-01,17.2,NA,NA,NA,NA,NA,NA,NA,NA,NA,62.2311365760102,NA,NA
1988-01-01,15.45,NA,NA,NA,NA,NA,NA,NA,NA,NA,62.4726873299261,NA,NA
1988-02-01,15.43,NA,NA,NA,NA,NA,NA,NA,NA,NA,62.9546069631805,NA,NA
1988-03-01,14.73,NA,NA,NA,NA,NA,NA,NA,NA,NA,62.8502419309481,NA,NA
1988-04-01,15.62,NA,NA,NA,NA,NA,NA,NA,NA,NA,63.1675127932498,NA,NA
1988-05-01,15.93,NA,NA,NA,NA,NA,NA,NA,NA,NA,63.1540242426894,NA,NA
1988-06-01,15.5,NA,NA,NA,NA,NA,NA,NA,NA,NA,63.4280125328421,NA,NA
1988-07-01,14.81,NA,NA,NA,NA,NA,NA,NA,NA,NA,63.3542326472731,NA,NA
1988-08-01,14.32,NA,NA,NA,NA,NA,NA,NA,NA,NA,63.8068981542166,NA,NA
1988-09-01,13.84,NA,NA,NA,NA,NA,NA,NA,NA,NA,64.0065233461945,NA,NA
1988-10-01,13.05,NA,NA,NA,NA,NA,NA,NA,NA,NA,64.0674782378147,NA,NA
1988-11-01,12.66,NA,NA,NA,NA,NA,NA,NA,NA,NA,64.5786618694676,NA,NA
1988-12-01,14.11,NA,NA,NA,NA,NA,NA,NA,NA,NA,65.0736522189,NA,NA
1989-01-01,16.04,NA,NA,NA,NA,NA,NA,NA,NA,NA,65.1507004969896,NA,NA
1989-02-01,16.61,NA,NA,NA,NA,NA,NA,NA,NA,NA,65.0361425513224,NA,NA
1989-03-01,17.77,NA,NA,NA,NA,NA,NA,NA,NA,NA,65.5052694787462,NA,NA
1989-04-01,19.59,NA,NA,NA,NA,NA,NA,NA,NA,NA,65.5571759602415,NA,NA
1989-05-01,19.05,NA,NA,NA,NA,NA,NA,NA,NA,NA,65.1448729708159,NA,NA
1989-06-01,18.27,NA,NA,NA,NA,NA,NA,NA,NA,NA,65.8178846540342,NA,NA
1989-07-01,17.99,NA,NA,NA,NA,NA,NA,NA,NA,NA,65.4850543224533,NA,NA
1989-08-01,17.23,NA,NA,NA,NA,NA,NA,NA,NA,NA,65.7951861359268,NA,NA
1989-09-01,17.62,NA,NA,NA,NA,NA,NA,NA,NA,NA,65.8244369789296,NA,NA
1989-10-01,18.29,NA,NA,NA,NA,NA,NA,NA,NA,NA,65.7122919320895,NA,NA
1989-11-01,18.32,NA,NA,NA,NA,NA,NA,NA,NA,NA,66.0526527091216,NA,NA
1989-12-01,20.05,NA,NA,NA,NA,NA,NA,NA,NA,NA,66.4818975461162,NA,NA
1990-01-01,20.51,NA,NA,NA,NA,NA,NA,NA,NA,NA,66.1405845032608,127.5,NA
1990-02-01,19.78,NA,NA,NA,NA,NA,NA,NA,NA,NA,66.3034971497784,128,NA
1990-03-01,18.94,NA,NA,NA,NA,NA,NA,NA,NA,NA,67.0627079462002,128.6,NA
1990-04-01,16.66,NA,NA,NA,NA,NA,NA,NA,NA,NA,66.8989798569019,128.9,NA
1990-05-01,16.07,NA,NA,NA,NA,NA,NA,NA,NA,NA,67.1527545107359,129.1,NA
1990-06-01,15.15,NA,NA,NA,NA,NA,NA,NA,NA,NA,67.3202460503369,129.9,NA
1990-07-01,16.54,NA,NA,NA,NA,NA,NA,NA,NA,NA,67.4248200682637,130.5,NA
1990-08-01,24.26,NA,NA,NA,NA,NA,NA,NA,NA,NA,67.6667743695281,131.6,NA
1990-09-01,29.88,NA,NA,NA,NA,NA,NA,NA,NA,NA,67.7145005676233,132.5,NA
1990-10-01,32.88,NA,NA,NA,NA,NA,NA,NA,NA,NA,67.8125472893888,133.4,NA
1990-11-01,30.19,NA,NA,NA,NA,NA,NA,NA,NA,NA,67.3529974247874,133.7,NA
1990-12-01,25.56,NA,NA,NA,NA,NA,NA,NA,NA,NA,67.3896228863994,134.2,NA
1991-01-01,22.3,NA,NA,NA,NA,NA,NA,NA,NA,NA,67.2524760456866,134.7,NA
1991-02-01,18.3,NA,NA,NA,NA,NA,NA,NA,NA,NA,67.0427194399215,134.8,NA
1991-03-01,17.58,NA,NA,NA,NA,NA,NA,NA,NA,NA,66.6400285907695,134.8,NA
1991-04-01,18.32,NA,NA,NA,NA,NA,NA,NA,NA,NA,66.6071223986663,135.1,NA
1991-05-01,18.36,NA,NA,NA,NA,NA,NA,NA,NA,NA,66.7875753880476,135.6,NA
1991-06-01,17.78,NA,NA,NA,NA,NA,NA,NA,NA,NA,66.8286950451085,136,NA
1991-07-01,18.14,NA,NA,NA,NA,NA,NA,NA,NA,NA,66.9043552214518,136.2,NA
1991-08-01,18.71,NA,NA,NA,NA,NA,NA,NA,NA,NA,66.6916609083868,136.6,NA
1991-09-01,19,NA,NA,NA,NA,NA,NA,NA,NA,NA,66.9594074110566,137,NA
1991-10-01,19.86,NA,NA,NA,NA,NA,NA,NA,NA,NA,67.0763121728294,137.2,NA
1991-11-01,19.35,NA,NA,NA,NA,NA,NA,NA,NA,NA,67.2498565408213,137.8,NA
1991-12-01,17.17,NA,NA,NA,NA,NA,NA,NA,NA,NA,66.9269996667905,138.2,NA
1992-01-01,16.1,NA,NA,NA,NA,NA,NA,NA,NA,NA,66.9506744923387,138.3,NA
1992-02-01,16,NA,NA,NA,NA,NA,NA,NA,NA,NA,67.1682134413533,138.6,NA
1992-03-01,16.36,NA,NA,NA,NA,NA,NA,NA,NA,NA,67.1482707511435,139.1,NA
1992-04-01,17.37,NA,NA,NA,NA,NA,NA,NA,NA,NA,67.1773987855308,139.4,NA
1992-05-01,18.79,NA,NA,NA,NA,NA,NA,NA,NA,NA,66.9030667616544,139.7,NA
1992-06-01,19.83,NA,NA,NA,NA,NA,NA,NA,NA,NA,66.9699515825938,140.1,NA
1992-07-01,19.74,NA,NA,NA,NA,NA,NA,NA,NA,NA,67.130562762201,140.5,NA
1992-08-01,19.25,NA,NA,NA,NA,NA,NA,NA,NA,NA,66.4302856076912,140.8,NA
1992-09-01,19.26,NA,NA,NA,NA,NA,NA,NA,NA,NA,66.9896798230432,141.1,NA
1992-10-01,19.34,NA,NA,NA,NA,NA,NA,NA,NA,NA,66.8801662185997,141.7,NA
1992-11-01,18.4,NA,NA,NA,NA,NA,NA,NA,NA,NA,66.5738720114123,142.1,NA
1992-12-01,16.94,NA,NA,NA,NA,NA,NA,NA,NA,NA,66.1911257055748,142.3,NA
1993-01-01,16.8,67792.94,NA,NA,NA,NA,NA,NA,NA,NA,66.527161131895,142.8,NA
1993-02-01,17.41,67813.13,NA,NA,NA,NA,NA,NA,NA,NA,66.6236643610123,143.1,NA
1993-03-01,17.82,67158.16,NA,NA,NA,NA,NA,NA,NA,NA,66.2735709913464,143.3,NA
1993-04-01,18.35,66423.77,NA,NA,NA,NA,NA,NA,NA,NA,66.5303491546114,143.8,NA
1993-05-01,17.89,66531.42,NA,NA,NA,NA,NA,NA,NA,NA,66.600681311334,144.2,NA
1993-06-01,16.8,66267.65,NA,NA,NA,NA,NA,NA,NA,NA,66.36642868875,144.3,NA
1993-07-01,15.81,66993.12,NA,NA,NA,NA,NA,NA,NA,NA,66.3318729641832,144.5,NA
1993-08-01,15.64,66855.72,NA,NA,NA,NA,NA,NA,NA,NA,66.3641985504587,144.8,NA
1993-09-01,15.32,66880.54,NA,NA,NA,NA,NA,NA,NA,NA,66.9413830676658,145,NA
1993-10-01,15.59,67402.7,NA,NA,NA,NA,NA,NA,NA,NA,66.9825098933272,145.6,NA
1993-11-01,14.05,67472.3,NA,NA,NA,NA,NA,NA,NA,NA,67.1059692279036,146,NA
1993-12-01,12.56,67647.64,NA,NA,NA,NA,NA,NA,NA,NA,67.3839583183187,146.3,NA
1994-01-01,12.93,68475.4,NA,NA,NA,NA,NA,NA,NA,NA,67.6173322348798,146.3,NA
1994-02-01,12.9,68207.3,NA,NA,NA,NA,NA,NA,NA,NA,67.8790419243931,146.7,NA
1994-03-01,13.18,68126.2,NA,NA,NA,NA,NA,NA,NA,NA,68.3725910645592,147.1,NA
1994-04-01,14.54,67773.5,NA,NA,NA,NA,NA,NA,NA,NA,68.890167857462,147.2,NA
1994-05-01,15.74,68141.6,NA,NA,NA,NA,NA,NA,NA,NA,69.0921940581617,147.5,NA
1994-06-01,17.04,68545.5,NA,NA,NA,NA,NA,NA,NA,NA,69.5463465792245,147.9,NA
1994-07-01,17.52,68217.5,NA,NA,NA,NA,NA,NA,NA,NA,69.6604753587525,148.4,NA
1994-08-01,16.66,68087.5,NA,NA,NA,NA,NA,NA,NA,NA,70.2697771834527,149,NA
1994-09-01,15.91,68752.5,NA,NA,NA,NA,NA,NA,NA,NA,70.487453525258,149.3,NA
1994-10-01,16.27,69332.5,NA,NA,NA,NA,NA,NA,NA,NA,71.072958568854,149.4,NA
1994-11-01,16.46,69732.5,NA,NA,NA,NA,NA,NA,NA,NA,71.5428709183703,149.8,NA
1994-12-01,15.78,70105.5,NA,NA,NA,NA,NA,NA,NA,NA,72.0654961026308,150.1,NA
1995-01-01,16.56,69835.9,NA,NA,NA,NA,NA,NA,NA,NA,71.8774757829498,150.5,NA
1995-02-01,17.21,70234.9,NA,NA,NA,NA,NA,NA,NA,NA,71.7324919564664,150.9,NA
1995-03-01,17.21,69395.9,NA,NA,NA,NA,NA,NA,NA,NA,71.8315385816315,151.2,NA
1995-04-01,18.7,70310.9,NA,NA,NA,NA,NA,NA,NA,NA,72.2143103037699,151.8,NA
1995-05-01,18.56,70306.8,NA,NA,NA,NA,NA,NA,NA,NA,72.2104203610871,152.1,NA
1995-06-01,17.43,69262.8,NA,NA,NA,NA,NA,NA,NA,NA,72.2960020297269,152.4,NA
1995-07-01,16.5,70306.2,NA,NA,NA,NA,NA,NA,NA,NA,72.0428837948862,152.6,NA
1995-08-01,16.54,70441.2,NA,NA,NA,NA,NA,NA,NA,NA,72.587297416335,152.9,NA
1995-09-01,16.71,70924.2,NA,NA,NA,NA,NA,NA,NA,NA,72.5205183064116,153.1,NA
1995-10-01,16.29,70518.2,NA,NA,NA,NA,NA,NA,NA,NA,72.2849916347885,153.5,NA
1995-11-01,16.52,70819.2,NA,NA,NA,NA,NA,NA,NA,NA,72.9451732937341,153.7,NA
1995-12-01,17.53,71175.2,NA,NA,NA,NA,NA,NA,NA,NA,73.7284782727482,153.9,NA
1996-01-01,17.48,71277.3,NA,NA,NA,NA,NA,NA,NA,NA,73.28592613445,154.7,NA
1996-02-01,17.77,71576.4,NA,NA,NA,NA,NA,NA,NA,NA,73.4650211589384,155,NA
1996-03-01,19.9,71648.3,NA,NA,NA,NA,NA,NA,NA,NA,73.4241323342046,155.5,NA
1996-04-01,21.33,71533.3,NA,NA,NA,NA,NA,NA,NA,NA,73.7595930872308,156.1,NA
1996-05-01,20.12,71468.3,NA,NA,NA,NA,NA,NA,NA,NA,74.1962470050187,156.4,NA
1996-06-01,19.32,71729.8,NA,NA,NA,NA,NA,NA,NA,NA,74.4673853969564,156.7,NA
1996-07-01,19.6,71917.8,NA,NA,NA,NA,NA,NA,NA,NA,74.5160742492298,157,NA
1996-08-01,20.53,71480.8,NA,NA,NA,NA,NA,NA,NA,NA,74.833225172088,157.2,NA
1996-09-01,22.04,71980.8,NA,NA,NA,NA,NA,NA,NA,NA,75.2373174942594,157.7,NA
1996-10-01,23.22,72453.8,NA,NA,NA,NA,NA,NA,NA,NA,75.3529976906925,158.2,NA
1996-11-01,22.66,72998.8,NA,NA,NA,NA,NA,NA,NA,NA,75.9167638508497,158.7,NA
1996-12-01,23.22,73582.8,NA,NA,NA,NA,NA,NA,NA,NA,76.2345892521998,159.1,NA
1997-01-01,23.02,73421.7,19580,20817,23958,29456,15180,14653,17273,19714,76.3633436284065,159.4,59.41171
1997-02-01,20.88,73944.6,19423,20429,23861,29147,15001,14249,17173,19344,77.0681349977269,159.7,57.9327
1997-03-01,19.16,73925.7,19896,20048,24504,28737,15464,13887,17778,18885,77.514987308088,159.8,95.8373
1997-04-01,17.83,74385.1,20395,20774,25232,30180,15947,14628,18439,20213,77.8150625883406,159.9,95.51237
1997-05-01,18.55,73737.3,19978,20282,24941,29400,15487,14088,18082,19430,77.9743842399582,159.9,55.2234
1997-06-01,17.35,72936.7,20401,20167,25579,29100,15829,13836,18508,19119,78.6760257033356,160.2,63.46032
1997-07-01,17.49,73443,20330,20445,25603,29545,15672,13945,18344,19511,79.1023471201369,160.4,54.95415
1997-08-01,17.96,74351,19427,20158,24671,28883,14723,13545,17373,18802,79.371789028968,160.8,32.10918
1997-09-01,17.85,74801.4,19839,20636,25069,29682,15157,14021,17783,19436,79.654840410595,161.2,74.38128
1997-10-01,18.73,75316.5,20240,20679,25525,30027,15610,14137,18324,19629,80.1603328225834,161.5,89.02506
1997-11-01,17.88,75158.5,19999,20213,25521,29846,15395,13749,18404,19383,80.2074732899161,161.7,68.78264
1997-12-01,15.95,75048.4,20702,21223,26365,31205,16062,14789,19172,20705,80.3529761092484,161.8,50.97836
1998-01-01,14.33,76481.5,19815,20403,25517,30169,15100,13958,18205,19622,80.7369815033618,162,70.36618
1998-02-01,13.32,76882.5,20699,20465,26770,30405,15911,13988,19344,19804,80.7841183284403,162,69.35783
1998-03-01,12.34,76695.5,21168,20633,27521,30876,16337,14122,20006,20200,80.6073875930888,162,87.09316
1998-04-01,12.81,76583.4,20407,20290,26697,30394,15559,13745,19192,19669,80.5585411823821,162.2,57.05707
1998-05-01,12.61,75957.1,20920,20369,27379,30401,16061,13789,19774,19586,80.7029674448144,162.6,82.9233
1998-06-01,11.61,75650.4,21098,20418,27974,30716,16222,13796,20271,19782,80.3002139243872,162.8,75.54867
1998-07-01,11.55,75195.4,20643,20339,27548,30698,15744,13663,19835,19675,80.3158981034966,163.2,102.52676
1998-08-01,11.34,74483.3,20397,20139,27416,30287,15476,13387,19710,19241,80.4508816341245,163.4,56.53372
1998-09-01,12.77,74500.4,21032,20150,28081,30237,16094,13302,20372,19218,80.7682838787277,163.5,120.30372
1998-10-01,12.11,74671.4,20561,20256,27401,30125,15596,13316,19782,19293,80.8870918352682,163.9,134.35567
1998-11-01,10.99,75665.4,20903,20314,27790,30234,15883,13322,20149,19408,80.7876158149247,164.1,125.8946
1998-12-01,9.39,75352.5,20977,20374,28036,30507,15863,13388,20280,19502,80.7500325560483,164.4,56.46775
1999-01-01,10.16,75647.6,21218,19878,28295,29898,15989,12926,20333,18826,81.6533330730323,164.7,71.11098
1999-02-01,10.33,76090.3,21147,19880,28351,30063,15812,12942,20224,19000,81.6344361832548,164.7,64.79443
1999-03-01,12.1,75679.6,21738,20585,29154,30896,16328,13612,20857,19813,82.1321049809448,164.8,65.50213
1999-04-01,14.82,74266.6,21411,20324,28547,30327,15973,13288,20220,19267,81.9943679600908,165.9,59.44795
1999-05-01,15.57,74094.6,21289,20727,28712,30967,15883,13636,20389,19848,82.7381018438754,166,60.37749
1999-06-01,15.91,73037.8,21908,20582,29542,30679,16589,13464,21255,19493,82.8234012993544,166,49.61611
1999-07-01,18.05,74660.9,22009,21106,29408,31353,16776,13950,21212,20033,83.4242128546967,166.7,48.86079
1999-08-01,19.56,74583.9,22661,21834,30411,32498,17442,14572,22157,21019,83.5702788513091,167.1,43.78325
1999-09-01,21.64,74698.3,22347,21983,30036,32535,17033,14525,21668,20957,84.0744996367394,167.8,55.62635
1999-10-01,21.62,75298.3,22605,22082,30447,32596,17152,14411,21901,20864,84.6412269524642,168.1,60.05671
1999-11-01,23.14,75297.3,22985,22357,30748,32854,17446,14564,22073,21012,85.398214419253,168.4,43.94888
1999-12-01,24.35,74616.5,22829,22212,30348,32484,17315,14453,21708,20573,85.5997327128565,168.8,25.34095
2000-01-01,25.29,75684.66,23267,22298,30973,32936,17831,14649,22434,21097,85.4289913632021,169.3,30.08247
2000-02-01,27.39,76268.81,23037,22247,30628,33079,17634,14664,22172,21056,86.0583098153651,170,36.6259
2000-03-01,27.7,76317.8,23367,22988,30760,33972,17889,15339,22209,21779,86.5150808859783,171,45.16381
2000-04-01,24.29,76934.26,23962,22997,31752,34222,18340,15179,22976,21884,87.1411984616559,170.9,42.74244
2000-05-01,26.35,77479.41,23897,23175,31212,33922,18142,15150,22323,21435,87.8483415925384,171.2,53.87834
2000-06-01,28.91,77228.85,24737,24088,31929,34791,18911,15881,22975,22105,87.7997988300601,172.2,51.1505
2000-07-01,28,77784.08,25369,23344,32789,33930,19520,15044,23834,21157,87.9800923915701,172.7,30.86351
2000-08-01,28.8,78683.68,25174,24143,32355,35047,19312,15901,23451,22308,88.5135451375529,172.7,29.02702
2000-09-01,30.56,78877.37,24989,23757,32033,34477,19098,15732,23104,22029,88.1898279326123,173.6,57.47051
2000-10-01,29.71,79242.54,25272,23930,32388,34634,19339,16117,23383,22579,88.3441120560037,173.9,47.63079
2000-11-01,30,79932.04,26297,24435,33640,35091,20325,16613,24489,23045,88.618438624953,174.2,84.58302
2000-12-01,25.19,78288.17,26299,24697,34084,35914,20300,16529,24847,23380,88.8984780039232,174.6,64.91441
2001-01-01,24.49,78332.57,26440,25603,34030,36689,20420,16950,24926,23873,87.7852974525392,175.6,60.0407
2001-02-01,24.97,78212.11,26623,25872,34144,36784,20575,16895,25047,23636,87.7719367265321,176,61.49486
2001-03-01,23.01,78940.55,26501,25294,34209,36385,20412,16346,25086,23252,87.2505857417695,176.1,88.12577
2001-04-01,22.99,77925.5,26362,24716,34020,35496,20224,16023,24853,22627,86.5846559995575,176.4,100.30788
2001-05-01,24.63,77302.48,26333,24361,33968,34909,20146,15912,24729,22312,86.4148938206104,177.3,67.84627
2001-06-01,23.95,75729.66,27045,24653,35018,35323,20823,16277,25643,22842,86.2180383160888,177.7,68.24093
2001-07-01,22.76,77716.44,25953,24129,33948,34868,19725,15715,24593,22437,85.2653509277227,177.4,84.65529
2001-08-01,23.77,77874.62,26369,23904,34848,34309,20180,15474,25483,21922,85.9810579723644,177.4,81.41273
2001-09-01,22.51,77442.27,25100,23556,33357,34088,18999,15221,24212,21782,85.1146669808653,178.1,156.5578
2001-10-01,18.76,77443.5,25549,24075,34260,35310,19538,15889,25184,22976,84.5602095830666,177.6,123.40408
2001-11-01,16.06,77951.06,25082,23348,33590,34511,19101,15258,24588,22172,84.1915751847455,177.5,127.88529
2001-12-01,15.95,77206.82,25142,22799,33961,33831,19096,14688,24834,21395,84.3144948307788,177.4,76.56446
2002-01-01,17.04,76695.07,25646,23988,34401,35146,19473,15790,25203,22866,84.66564620949,177.7,56.76797
2002-02-01,18.24,76819.9,26271,23788,35426,34979,19970,15526,25973,22587,85.1388349875513,178,67.61252
2002-03-01,22.29,76617.38,26576,24207,35612,35238,20187,15957,26082,22955,85.8198488698907,178.5,60.03963
2002-04-01,23.98,76120.5,27259,24395,36475,35464,20819,16156,26929,23345,85.9741435756374,179.3,67.45938
2002-05-01,24.44,76781.03,27619,25669,37056,37365,21144,17328,27494,25186,86.6404174805818,179.5,57.54758
2002-06-01,23.45,76456.98,26795,24257,35937,35167,20288,15643,26362,22656,86.6246936830483,179.6,84.5201
2002-07-01,24.99,76893.23,27432,25333,37280,36696,20891,16395,27529,23672,86.8405762678821,180,77.99051
2002-08-01,25.68,76721.91,26192,24051,35470,34791,19618,14919,25692,21516,87.0017232963786,180.5,81.16083
2002-09-01,27.14,77284.69,26503,24531,36045,35903,19897,15438,26178,22736,87.1265731474402,180.8,114.33852
2002-10-01,25.99,78736.4,26852,24000,36549,34961,20208,15061,26670,22137,86.9801857534355,181.2,114.01022
2002-11-01,23.68,79023.17,26871,23281,36719,34031,20174,14422,26783,21349,87.4236059095302,181.5,167.06781
2002-12-01,26.68,77081.52,26079,23747,35482,34443,19313,14769,25465,21496,87.0285394723396,181.8,166.51314
2003-01-01,30.3,77533.67,27224,25556,36761,36594,20390,16349,26802,23438,87.7611407736664,182.6,194.32832
2003-02-01,32.23,79328.86,27079,25482,36523,36236,20201,16094,26544,22706,87.8634113065767,183.6,220.16109
2003-03-01,29.23,79803.44,27566,25137,36957,35718,20679,15716,26977,22115,87.807984512912,183.9,273.18542
2003-04-01,24.48,78663.57,26936,26029,36304,37207,20043,16659,26363,23715,87.4140791104386,183.2,226.82066
2003-05-01,25.15,78614.02,27157,24697,36710,35272,20216,15337,26723,21873,87.0926780832848,182.9,124.13572
2003-06-01,27.22,77908.76,27058,23930,36575,33981,20008,14463,26486,20510,87.3571319040655,183.1,125.28983
2003-07-01,27.95,78740.4,27288,25333,36646,35978,20116,15708,26434,22336,87.9678826053921,183.7,73.56979
2003-08-01,28.5,79299.48,27199,25280,36415,35779,19964,15556,26167,22035,87.7149424352428,184.5,90.74358
2003-09-01,25.66,80085.76,27839,24491,37367,34988,20643,14793,27168,21285,88.3000853720176,185.1,58.72573
2003-10-01,27.32,81129.68,28039,25544,37781,36519,20937,15935,27623,22855,89.2894052408514,184.9,73.45626
2003-11-01,27.47,81497.17,27689,24939,37370,35800,20658,15374,27275,22112,89.456206384103,185,75.54927
2003-12-01,28.63,82836.44,28303,25535,38293,36701,21267,15893,28127,22814,89.7740984751584,185.5,80.86126
2004-01-01,30.11,82776.95,28093,24715,38244,35738,20988,14900,28017,21679,90.1010312623761,186.3,65.19389
2004-02-01,30.69,82790.68,27576,25271,38096,36794,20373,15243,27628,22332,90.6245093880552,186.7,68.73473
2004-03-01,32.16,82695.08,27837,25687,38219,37243,20538,15460,27609,22507,90.5260810283713,187.1,77.10777
2004-04-01,32.34,82569.96,28649,26170,39026,37762,21269,15805,28339,22901,91.200683406018,187.4,78.17436
2004-05-01,35.68,82147.57,28584,25808,38669,36872,21146,15410,27952,22028,91.4354879911806,188.2,87.14658
2004-06-01,33.45,83793.3,28802,25823,39243,37054,21326,15503,28448,22323,91.2179463484544,188.9,69.11719
2004-07-01,35.89,84409.86,29139,26269,39965,37612,21624,16016,29063,22959,91.669656035905,189.1,80.4566
2004-08-01,39.46,83355.69,29562,26375,40138,37493,21976,16019,29136,22728,90.917366937139,189.2,80.71109
2004-09-01,40.42,83907.35,29471,27061,39594,37992,21766,16355,28516,22847,91.4790485407758,189.8,78.46118
2004-10-01,45.36,84804.74,30319,27625,40436,38056,22483,16492,29332,22532,91.7077020949962,190.8,94.68281
2004-11-01,39.89,84651.92,30110,28081,40320,38929,22183,16694,29166,23106,91.7412819450045,191.7,128.97977
2004-12-01,34.07,84314.77,30627,28468,41617,40075,22678,17152,30334,24202,91.5103182182285,191.7,76.16023
2005-01-01,37.56,84629.64,30401,27350,40792,38008,22468,16269,29605,22603,92.8090261670829,191.6,49.03665
2005-02-01,39.72,85025.2,29686,26960,39807,37425,21756,16014,28602,22174,92.7053942405698,192.4,57.14407
2005-03-01,45.73,85150.02,30523,27658,41012,38092,22549,16575,29672,22683,92.674118288284,193.1,74.87571
2005-04-01,45.25,85610.18,31528,28580,42464,39790,23490,17186,30975,24037,93.518121462195,193.7,82.25068
2005-05-01,43.19,85899.56,31101,28752,41827,39727,23025,17059,30314,23671,93.1217134040806,193.6,79.33299
2005-06-01,49.28,85409.48,31393,29780,41868,41193,23331,17937,30455,25038,93.554228777995,193.7,86.56476
2005-07-01,52.79,85073.38,32136,29679,42154,40441,24116,17807,30908,24329,93.5428013853635,194.9,64.43832
2005-08-01,58.67,85323.4,32762,29880,42820,40817,24770,18023,31708,24762,93.5392382421615,196.1,63.62027
2005-09-01,58.79,84633.62,32632,30511,42789,41808,24618,18644,31721,25710,93.6453054449554,198.8,120.47766
2005-10-01,55.31,84580.84,32802,30852,42947,42236,24710,18922,31845,25930,94.0458586784746,199.1,68.67493
2005-11-01,49.97,85430.77,33408,30786,43518,42138,25184,18721,32219,25530,95.3502184965231,198.1,83.49025
2005-12-01,50.85,85143.01,34591,31604,45072,43315,26191,19337,33420,26318,95.4725966888602,198.1,52.24917
2006-01-01,55.85,85087.9,36487,32797,46910,44550,27904,20336,35357,27684,95.7919515096079,199.3,41.81971
2006-02-01,52.8,85148.53,37532,34447,48371,46750,28806,21901,36617,29701,95.7827786357106,199.4,68.73345
2006-03-01,55.31,84744.79,38587,36519,49841,49627,29792,24037,38005,32689,96.3708383465809,199.7,50.96134
2006-04-01,62.41,85066.18,38826,36489,49965,49205,30039,24097,38155,32448,96.7816460694175,200.7,56.40462
2006-05-01,64.39,84860.38,39312,36059,51044,49038,30601,23601,39263,32203,97.2562873011722,201.3,98.10707
2006-06-01,63.79,84852.07,37185,35172,48150,47495,28597,22387,36451,30139,97.5184965008574,201.8,94.18513
2006-07-01,67.99,86186.1,34271,31985,44099,42733,25792,18724,32480,24678,97.2040892273524,202.9,69.13068
2006-08-01,66.45,85995.14,34850,32442,45156,43736,26392,18741,33508,25217,97.7899800075762,203.8,75.90216
2006-09-01,57.29,85481.18,33659,32100,44077,43202,25096,18140,32446,24711,97.8219508262473,202.8,94.98159
2006-10-01,52.7,85737.97,33421,31961,43667,42887,24699,17943,31987,24599,97.9961820674734,201.9,68.01689
2006-11-01,52.7,85202.99,34159,32225,44490,42958,25333,18325,32682,24998,98.302169956832,202,91.79185
2006-12-01,54.97,84953.84,34217,31838,44739,42646,25411,18186,32854,24890,99.127894342116,203.1,80.55704
2007-01-01,49.57,84732.54,33581,30974,44405,42242,24858,17574,32696,24497,98.9426352622558,203.437,68.25111
2007-02-01,53.77,84999.95,34107,30746,45084,42264,25429,17454,33193,24159,99.4833798126133,204.226,50.54888
2007-03-01,56.31,84876.92,35143,31667,46387,43764,26407,18247,34387,25347,99.8142716728012,205.288,39.88484
2007-04-01,60.45,85299.74,33983,32247,44551,44360,25131,18530,32557,25693,99.7105556100255,205.904,56.02067
2007-05-01,61.55,84955.44,34420,32430,44809,44200,25472,18371,32835,25335,100.446899238152,206.755,52.00437
2007-06-01,65.24,84944.12,35232,33077,46039,44730,26263,18731,34092,25703,100.291068560011,207.234,47.32553
2007-07-01,70.75,85424.79,35782,33124,46675,44639,26840,18566,34749,25405,100.407711754004,207.603,30.4688
2007-08-01,68.28,84612.17,35791,33247,46502,45056,26870,18550,34579,25495,101.166529878896,207.667,60.00445
2007-09-01,72.34,85450.94,35930,33255,46613,44964,26980,18490,34635,24925,100.932881637338,208.547,128.67354
2007-10-01,78.61,86197.09,36010,33683,46135,45783,26957,18922,34273,25443,101.34693163711,209.19,82.11964
2007-11-01,85.53,85959.33,37083,34700,46750,47036,27838,20016,34600,26351,101.203741961606,210.834,134.32027
2007-12-01,83.21,86491.17,36716,33778,46413,45853,27200,19226,33610,24926,101.558886965761,211.445,91.71973
2008-01-01,84.82,86583.46,37830,34164,46402,45955,28065,19731,33847,25245,102.139461210004,212.174,139.5479
2008-02-01,87.41,86661.42,38195,34824,46460,46148,28326,20408,33965,25796,102.097914436179,212.687,132.74403
2008-03-01,96.96,86885.51,37956,34939,45719,45559,28197,20389,33547,25453,101.510354252163,213.448,217.76996
2008-04-01,104.72,86415.28,39011,36220,46065,46395,29460,21460,34299,26401,101.721993873854,213.942,115.20672
2008-05-01,116.55,87152.63,38865,36603,45059,45994,29449,21670,33578,26008,100.57072210017,215.208,120.26247
2008-06-01,126.22,87098.23,40826,37077,46718,45997,31362,22068,35217,25943,100.226084029284,217.463,134.12222
2008-07-01,127.77,88093.29,40485,37579,45839,46512,30860,22489,34205,26346,99.7428279369646,219.016,123.12396
2008-08-01,111.19,87144.8,39682,37047,45075,45652,29919,21714,33381,25357,98.4949990243596,218.69,125.4557
2008-09-01,96.38,85533.26,39245,37951,44660,46393,29453,22147,33109,25992,96.8731934847,218.877,185.33565
2008-10-01,70.84,87137.51,38174,37314,43629,45489,28415,21006,32188,25199,95.9199565510447,216.995,251.48636
2008-11-01,49.1,86878.71,37509,36099,42703,43730,27749,19537,31363,23570,92.6833489545594,213.153,201.98157
2008-12-01,35.59,85581.78,36239,35682,41904,43790,26386,19286,30439,23546,89.196857662219,211.398,111.97688
2009-01-01,36.84,84285.69,36323,34460,40665,41736,26345,18461,29712,22585,85.969167039513,211.933,158.64221
2009-02-01,38.56,84842.71,35907,34271,40758,41525,25863,18602,29484,22540,84.8470661031654,212.705,153.16464
2009-03-01,45.96,84721.96,36317,33824,41695,41160,26328,18217,30322,22113,84.1971424549074,212.495,141.81595
2009-04-01,49.58,85184.92,36337,34314,42176,42024,26473,18625,30881,22787,84.2133526437057,212.709,147.29514
2009-05-01,56.77,85136.43,34465,33526,39876,40786,24711,17832,28728,21595,84.8676030514983,213.022,148.23981
2009-06-01,66.37,85410.5,34994,33350,40894,40622,25277,17866,29780,21727,85.466333585587,214.79,157.72884
2009-07-01,63.46,86315.84,35738,34211,42078,41522,26003,19012,30948,23010,86.1258092767502,214.726,113.38624
2009-08-01,68.09,85948.4,35369,33233,41396,39868,25608,18166,30286,21702,86.5999592968015,215.445,95.3943
2009-09-01,67.65,86361.27,36858,34483,42632,41093,27090,19258,31558,22848,88.1116593745761,215.861,111.03582
2009-10-01,72.06,86842.57,37183,35658,42671,42318,27412,20122,31519,23525,88.4462355309332,216.509,142.22838
2009-11-01,74.4,86983.43,36619,35688,42024,42632,26815,19917,30803,23463,89.1827781589138,217.234,132.3121
2009-12-01,72.67,86511.14,37816,36236,43327,42986,27927,20450,32005,23649,89.1757549236169,217.347,171.25401
2010-01-01,75.07,86276.74,37988,35313,43158,41467,27986,19628,32000,22871,90.2533567723156,217.488,209.14732
2010-02-01,73.73,86716.53,37621,37067,42672,43613,27509,21409,31206,24636,90.5405506447984,217.281,163.18251
2010-03-01,76.77,86980.52,39739,37219,44515,43149,29547,21394,32937,23968,91.5667472071602,217.353,208.94073
2010-04-01,80.03,87131.62,39554,37769,44107,43789,29312,21673,32534,24527,92.1169837880547,217.403,214.02367
2010-05-01,71.15,87419.73,39950,38055,44435,44016,29677,21744,32888,24754,93.2301638296187,217.29,238.26552
2010-06-01,71.91,87091.03,41160,39243,45679,45245,30866,22875,34105,26004,93.3780837837608,217.199,242.65688
2010-07-01,73.27,87415.71,41183,38669,45883,44730,30859,22322,34234,25492,93.4288627125588,217.605,237.96942
2010-08-01,73.52,87330.96,41024,38123,45881,44307,30642,21737,34160,24991,93.9240100126808,217.923,269.24423
2010-09-01,73.15,87470.39,41804,38774,46299,44813,31335,22207,34557,25306,94.2069759578226,218.275,233.24437
2010-10-01,76.9,87760.1,41440,39468,45315,45099,30905,22656,33646,25373,94.2746288343998,219.035,302.28375
2010-11-01,79.92,88080.55,42665,40223,46503,45947,32155,23234,34880,25972,94.7178865654249,219.59,268.50772
2010-12-01,85.59,88091.6,43569,40567,47138,46144,33201,23548,35564,26003,95.2501337412665,220.472,194.98125
2011-01-01,87.61,88949.19,43057,42309,46096,47586,32857,25322,34796,27806,95.6308083247762,221.187,195.22676
2011-02-01,91.42,88208.31,41679,42919,44675,48284,31541,25889,33396,28379,95.5933717759511,221.898,131.32565
2011-03-01,102.43,87313.18,42716,41944,45283,46606,32456,24695,33910,26552,94.0972705103539,223.046,177.41307
2011-04-01,113.02,87295.51,42781,42728,44697,46603,32298,25108,33183,26264,94.0515882019281,224.093,156.23404
2011-05-01,107.98,87138.94,47548,43122,49645,47393,36874,25038,37998,26622,95.0607477918589,224.806,146.94331
2011-06-01,105.38,88056.82,44299,42551,45664,46610,33557,23994,34003,25336,95.3268730906912,224.806,198.1066
2011-07-01,105.94,88567.73,45370,43766,46494,47700,34628,24872,34842,25992,95.9824362337047,225.395,194.19765
2011-08-01,99,89066.74,44620,43300,46111,47536,33847,24369,34442,25784,96.5092117900721,226.106,203.31244
2011-09-01,101.05,88343.46,45848,43096,46777,46862,34954,24489,35010,25550,96.2320821260244,226.597,288.86508
2011-10-01,101.99,88819.89,45778,44671,47256,48720,34730,26491,35245,27789,96.672794233017,226.75,334.33163
2011-11-01,107.67,89829.35,45299,43238,46717,47203,34162,25226,34598,26468,96.4120255143184,227.169,380.26801
2011-12-01,106.52,90150.27,44627,43803,46375,48112,33528,25493,34282,26949,96.6563440213242,227.223,324.93909
2012-01-01,105.25,90574.53,45956,44623,47619,49038,34966,25802,35614,27358,96.7589429504622,227.842,252.60074
2012-02-01,108.08,90890.04,44412,44661,46121,49098,33510,25520,34072,26864,96.8296934331228,228.329,280.63766
2012-03-01,111,90626.16,45526,45337,47267,49957,34625,26324,35151,27833,96.7109269986257,228.807,254.34738
2012-04-01,108.54,91031.62,45926,42396,48028,46435,34964,23751,35864,24970,96.8834506038543,229.187,222.41672
2012-05-01,103.26,90623.9,45709,43815,48105,48477,34673,25424,35910,27347,97.1508983399267,228.713,378.44968
2012-06-01,92.18,90342.68,44709,41675,47335,46220,33635,23200,35130,25111,96.6066107751499,228.524,313.57886
2012-07-01,92.99,90794.93,44941,44086,47507,49030,33896,25370,35324,27504,96.7653360354374,228.59,292.40765
2012-08-01,97.04,90888.53,46060,43133,48467,47555,35141,24332,36378,25903,96.5137070095766,229.918,218.67831
2012-09-01,101.82,90175.84,44336,43017,46860,47558,33629,24464,35001,26107,95.8473576276876,231.015,309.84897
2012-10-01,100.92,90876.51,44013,42206,46327,46355,33486,23988,34771,25486,95.792698746526,231.638,374.76807
2012-11-01,98.07,91367.25,43401,42215,45603,46313,32868,24039,34072,25499,95.6867301997371,231.249,408.435
2012-12-01,93.7,91042.91,44946,43225,47483,47758,34135,24571,35591,26259,96.0404643431489,231.221,358.99347
2013-01-01,97.91,90211.29,44772,43638,46502,47439,33541,24234,34378,25680,95.6717746000424,231.679,371.50232
2013-02-01,99.23,89979.65,45391,44206,46470,47153,33797,24182,34120,24997,96.1862338271856,232.937,265.68393
2013-03-01,99.11,90223.92,46555,46077,47626,48959,34795,25836,35180,26687,96.6499032996821,232.282,274.71902
2013-04-01,96.45,91062.26,46117,44384,47636,47639,34339,24216,35213,25578,96.6333128920357,231.797,240.47743
2013-05-01,98.5,91203.6,47716,44964,49610,48303,35963,24916,37180,26367,96.9720116321814,231.893,162.96872
2013-06-01,97.17,91338.64,48264,45753,50320,49182,36501,25706,37840,27183,97.1820819024917,232.445,216.77473
2013-07-01,101.56,92215.79,47211,44999,48708,47850,35426,24914,36197,25817,97.170125461966,232.9,141.82068
2013-08-01,104.16,92053.15,47119,46229,48957,49409,35352,26224,36454,27426,97.4692740003133,233.456,217.50978
2013-09-01,103.49,91429.22,47726,44372,49776,47507,36042,24648,37374,25978,97.9685642025845,233.544,181.16469
2013-10-01,97.84,91684.32,48787,43660,51587,47087,37195,24287,39126,25871,97.9481770378019,233.669,229.49416
2013-11-01,90.36,92014.21,48015,43379,50952,46856,36441,24218,38476,25861,98.5610778853741,234.1,176.47414
2013-12-01,90.57,92145.46,45645,43905,48318,47601,33966,24690,35778,26494,98.502925346546,234.719,190.23351
2014-01-01,89.71,92202.02,46406,43021,49473,46531,34560,23594,36674,25553,98.8008365537156,235.288,206.44778
2014-02-01,96.1,92758.63,45939,43337,49485,47260,33958,23726,36343,25800,99.1113588618696,235.547,181.96483
2014-03-01,97.13,92084.56,45859,44335,49412,48703,33841,24689,36212,27145,99.4068253471964,236.028,217.12489
2014-04-01,97.33,92398.33,46325,44035,49806,48074,34332,24423,36725,26681,99.4014715882516,236.468,114.79575
2014-05-01,98.46,92831.27,46681,45528,50272,49819,34708,25874,37301,28451,99.2726080711334,236.918,198.74094
2014-06-01,100.26,93592.92,45795,43287,49175,47242,33779,23423,36174,25673,99.5674367290961,237.231,123.77553
2014-07-01,98.75,93857.2,48385,43918,52349,48392,36247,23743,39125,26368,99.9211319217438,237.498,146.22757
2014-08-01,93.23,94294.99,46579,43154,50659,47542,34235,22687,37126,25151,98.7989621735954,237.46,209.91403
2014-09-01,89.38,94790.3,47050,44429,51210,48922,34430,23783,37281,26334,99.6583204229961,237.477,267.56604
2014-10-01,82.75,96046.9,47868,44480,52559,49403,34982,23767,38266,26766,99.571950560406,237.43,159.83263
2014-11-01,74.34,95586.05,48829,44558,53401,49381,35789,23860,38940,26820,99.7837647246227,236.983,142.29185
2014-12-01,57.36,96264.96,51838,44774,57556,50214,38810,24132,43185,27734,100.312612498714,236.252,210.36075
2015-01-01,44.74,95054.19,49315,43811,55262,49431,36391,23190,40679,26966,99.9921164145261,234.747,201.19104
2015-02-01,47.18,94934.7,48351,43484,54688,49076,35502,22763,40219,26403,100.093250609881,235.342,190.13892
2015-03-01,47.22,95944.85,46619,44678,53081,50317,33741,23713,38505,27339,100.072127523955,235.976,209.5493
2015-04-01,51.62,96054.54,46746,44925,52961,50546,33793,23744,38182,27314,99.9272710362633,236.222,255.48547
2015-05-01,57.51,96204.7,46594,45872,52980,52161,33626,24737,38128,28953,99.763990421816,237.001,272.46484
2015-06-01,58.89,96891.87,46283,44755,52967,50934,33417,24034,38297,28093,100.08691150734,237.657,199.78226
2015-07-01,52.42,97417.82,46283,42472,53132,48838,33542,22250,38717,26460,100.391549733811,238.034,179.13893
2015-08-01,43.23,97363.12,45249,43061,52643,50042,32520,23012,38286,27871,100.008245087456,238.033,137.50153
2015-09-01,41.12,97057.49,45928,43671,53082,49992,33010,23224,38423,27517,100.47077412622,237.498,279.84174
2015-10-01,42.03,97215.69,47792,43540,55609,49725,34564,22375,40774,26827,100.218716751917,237.733,155.60471
2015-11-01,39.05,97645.9,46806,44868,54815,51282,33280,23079,39511,27851,99.6626716897854,238.017,208.38194
2015-12-01,33.16,97638.51,46554,45641,54618,52326,32846,23608,38812,28430,99.312375097028,237.761,164.42555
2016-01-01,27.48,97355.81,46225,45296,53759,51518,32465,23294,38126,27845,100.354666393519,237.652,249.41544
2016-02-01,26.66,96568.78,48173,44892,55433,51016,34476,22959,40198,27350,100.007692795321,237.336,312.59961
2016-03-01,32.24,96587.09,48642,45182,55482,50858,35072,23182,40504,26960,99.6826019183,238.08,479.32599
2016-04-01,35.9,96435.39,50253,47575,56695,53618,36733,25395,41786,29479,100.065837631829,238.992,434.60922
2016-05-01,40.88,95998.32,47875,46949,53800,52570,34153,24562,38726,28184,99.461059589511,239.557,428.50931
2016-06-01,44.13,96517.56,50284,46626,55761,51492,36027,24058,40348,27138,99.9120942886451,240.222,799.93414
2016-07-01,41.48,97576.36,52134,47144,56379,50931,37206,24374,40594,26766,99.8732597458132,240.101,1141.79553
2016-08-01,41.21,96569.41,54502,47844,58556,51155,39059,24770,42583,27114,100.297243602443,240.545,458.68454
2016-09-01,40.86,96729.21,53815,48393,57446,51190,38211,24880,41567,27006,100.160570408753,241.176,378.97452
2016-10-01,44.76,97978.27,52043,50486,54388,52410,36557,26498,38617,27847,100.527327970596,241.741,545.11505
2016-11-01,41.8,99089.37,53702,51074,56610,53402,38443,26723,41030,28421,101.037309117583,242.026,816.20221
2016-12-01,46.72,97966.16,54302,51394,57224,53974,39235,26894,41607,28566,101.096938565656,242.637,468.02124
2017-01-01,48.12,97008.43,53913,51680,55666,53474,38933,27213,40485,28497,101.078450688468,243.618,539.22461
2017-02-01,49.38,96961.39,53519,51694,55853,53804,38477,27364,40239,28664,101.140925635277,244.006,445.97406
2017-03-01,46.53,96690.51,55418,52392,57698,54697,40148,28203,41751,29647,101.526569959952,243.892,418.65662
2017-04-01,47.47,96442.75,54890,53462,57303,55766,39290,29254,41077,30791,102.31633302365,244.193,335.47583
2017-05-01,47.21,97400.61,55523,52560,57827,55046,39585,27987,41369,29732,102.465759913912,244.004,470.26431
2017-06-01,44.03,98109.63,57816,53025,59739,55419,41611,27691,43076,29272,102.57812424445,244.163,709.74371
2017-07-01,44.76,98720.05,56686,54157,59065,56920,40321,28014,42236,29886,102.710255456769,244.243,466.47473
2017-08-01,47.62,98057.9,57048,54260,58836,56716,40651,27738,41985,29294,103.307269247758,245.183,441.47925
2017-09-01,50.46,98086.15,56929,55292,58931,57571,40620,29092,42223,30677,103.032892141017,246.435,457.88156
2017-10-01,51.4,98663.77,55301,53980,57135,56218,39088,28437,40461,30064,103.610414727342,246.626,485.84778
2017-11-01,56.3,99159.88,56783,53556,58142,55465,40534,28435,41435,29726,104.339779231323,247.284,520.00684
2017-12-01,57.44,98202.24,56027,53465,57780,55755,39525,28152,40832,29633,104.987240221163,247.805,419.09912
2018-01-01,59.71,98709.15,57769,54654,59234,56648,40894,28742,42159,30058,103.920460748654,248.743,395.88858
2018-02-01,58.03,98942.52,55042,54174,56734,56537,37825,27659,39118,29031,104.365772956136,249.439,205.92892
2018-03-01,56.82,99305.52,58480,55391,60187,57829,41074,28566,42261,30053,104.838565691873,249.581,388.92645
2018-04-01,61.24,99498.65,58154,54919,59929,57039,40722,28056,41923,29434,105.083580533335,250.146,289.22595
2018-05-01,65.89,99501.3,58614,55642,59205,56593,41300,28880,41327,29255,105.210297629871,250.779,355.05524
2018-06-01,66.82,100123.6,58047,57174,58728,57994,40926,30526,41100,30747,105.459145538899,251.118,371.71625
2018-07-01,66.62,100961.8,58638,57329,59248,58300,41586,30682,41765,30913,105.182385162847,251.323,372.04321
2018-08-01,65.48,101515.4,60042,56595,60276,57311,42693,29719,42555,29623,105.906652734335,251.749,302.5618
2018-09-01,66.7,101256.9,58986,57867,59135,58313,40882,30509,40673,30297,105.275721152027,252.239,364.96506
2018-10-01,67.79,102080.8,61151,57706,61469,57795,42210,29890,42216,29631,105.766255647187,252.862,451.388
2018-11-01,54.4,102298.7,61405,57234,61835,57599,42068,29354,42132,29524,104.99260550704,252.657,451.17166
2018-12-01,42.8,101625.7,60545,55180,61155,55898,41559,27821,41659,28187,105.017031950569,252.551,468.74661
2019-01-01,49.71,99872.65,64489,55757,64970,56415,46238,29145,46369,29596,104.850698628776,252.47,406.90741
2019-02-01,56.66,99698.18,64814,55745,65372,56300,47102,29565,47334,29798,104.570500039997,253.135,460.38434
2019-03-01,61.14,99746.98,66216,56783,66958,57695,48451,30358,48946,30937,104.927048407401,254.273,417.98172
2019-04-01,65.42,100042.9,60545,54106,60714,54323,42298,26951,42364,26922,104.842605138659,255.163,350.97571
2019-05-01,65.03,99873.6,59922,55672,59914,55531,41110,27674,41129,27391,105.381094206008,255.325,400.54898
2019-06-01,58.16,100147.9,59686,58196,59345,57763,40499,29547,40295,29063,104.489184255088,255.361,354.84106
2019-07-01,59.18,99678.21,60766,60711,60053,60338,41437,31709,40944,31369,104.625226585326,255.9,435.49973
2019-08-01,55.41,100823.8,62061,59145,60835,58558,42784,30124,41843,29677,104.475532806561,256.179,505.47772
2019-09-01,57.31,99114.99,61908,59123,60883,58455,42821,30373,42120,29965,104.881372865411,256.596,429.23981
2019-10-01,54.44,100922,62423,59590,62395,59454,43548,31102,43719,31174,103.983349757605,257.305,542.47839
2019-11-01,55.27,101599.5,56645,61197,57153,61189,37867,32586,38404,32849,103.885647351098,257.788,459.14111
2019-12-01,56.85,101245.8,56327,63629,57210,63633,37519,34368,38207,34761,103.518238782135,258.263,407.362
2020-01-01,53.87,100905.2,56624,59424,57241,58854,38189,29412,38477,29634,104.120295728497,258.682,390.30475
2020-02-01,47.39,99721.29,57217,56179,57891,55630,39306,26890,39660,27114,104.313325829003,259.007,238.03452
2020-03-01,28.5,100012.2,51998,53266,52552,53167,36228,24957,36501,25606,98.1623270165443,258.165,386.63553
2020-04-01,16.74,99538.93,40468,48416,41758,49451,27699,23345,29241,25503,83.9628440582174,256.094,322.86984
2020-05-01,22.56,88446.61,39341,48074,40305,48717,27271,24047,28473,25766,87.2126448763969,255.944,291.24945
2020-06-01,36.14,88278.02,45139,48827,45630,48358,32461,24496,33201,25118,93.7825544704006,257.217,294.3223
2020-07-01,39.33,90108.32,47617,48795,48234,48477,34966,24416,35461,24766,97.9783574901299,258.543,343.81097
2020-08-01,41.72,91089.41,47870,49020,49148,49243,34994,25076,36148,25955,99.3635422236539,259.58,293.55096
2020-09-01,38.73,91118.87,51644,48519,52551,48333,38715,24387,39499,24863,100.294463993595,260.19,276.29083
2020-10-01,37.81,91437.51,54646,51529,55058,51105,41068,26206,41558,26838,101.408716620341,260.352,322.77066
2020-11-01,39.15,93044.24,56896,52204,57516,51941,43467,26802,44164,27598,102.204207613248,260.721,313.84183
2020-12-01,45.34,92953.82,59769,52533,59828,51833,46347,27147,46483,27505,102.774099799596,261.564,210.90306
2021-01-01,49.6,93865.38,49428,46231,49125,45626,36584,21293,36162,21791,103.905256991729,262.2,199.22394
2021-02-01,55.71,90529.08,51373,48919,51347,48143,38300,24385,38153,24694,102.739560586903,263.346,172.01045
2021-03-01,59.84,93828.56,50224,51702,50656,50614,36738,26950,37044,26956,104.363108564784,265.028,211.31999
2021-04-01,60.88,93992.35,51275,52252,51591,51241,37924,27947,37703,27818,104.479913601349,266.727,174.97536
2021-05-01,63.81,94946.13,51564,53896,51692,52820,37747,28700,37319,28539,103.620941150809,268.599,171.23833
2021-06-01,68.86,95520.94,53214,52241,52867,50850,39229,26899,38321,26429,104.88229421155,270.955,124.26289
2021-07-01,69.91,97017.33,56009,51526,54371,50080,41197,26725,39527,26443,105.429642909197,272.184,178.62498
2021-08-01,65.72,96487.59,55719,50516,53751,49059,40403,25469,38401,25187,104.687392730772,273.092,175.76511
2021-09-01,69.27,96712.43,57341,52250,54785,50026,41804,25731,39215,24752,103.235930287649,274.214,159.41849
2021-10-01,75.94,98074.5,57141,58478,53251,54883,40826,30135,37281,28701,104.417880345539,276.59,206.54663
2021-11-01,76.61,98714.3,59535,59073,55239,55071,42623,29640,38684,27882,106.090191430758,278.524,243.69116
2021-12-01,68.22,98225.81,61074,59241,56215,54847,43877,29534,39382,27404,106.531276196399,280.126,207.10461
2022-01-01,76.93,98076.93,67454,55548,61070,50843,50549,26561,45307,24455,106.208990900552,281.933,186.75595
2022-02-01,87.48,98980.51,68330,58775,60619,53482,50944,29428,44408,26766,107.211348649052,284.182,111.09922
2022-03-01,104.48,99452.66,70854,60092,61476,53060,52863,30543,44700,26160,107.112167742364,287.708,311.47348
2022-04-01,102.62,98626.6,70792,62264,59613,54161,52598,31968,43470,27345,107.077943817148,288.663,243.41052
2022-05-01,106.79,98535.8,73005,64661,61402,55449,54484,34146,44968,28440,106.322387160629,291.474,257.30887
2022-06-01,112.13,99071.58,72038,62692,59480,53375,53157,31818,42727,26048,107.768621416606,295.328,266.21207
2022-07-01,99.67,100231.5,72243,67410,58621,57014,53109,36013,41943,29775,107.51215563897,295.271,347.90979
2022-08-01,93.91,NA,75147,70471,59334,59998,55983,38806,42631,32527,107.808939090894,295.62,270.22757
2022-09-01,85.15,NA,72323,69188,56695,58987,53197,37541,40024,31533,NA,296.761,334.91608
2022-10-01,NA,NA,NA,NA,NA,NA,NA,NA,NA,NA,NA,298.062,507.37543
